ISSN,JIF,5 Year JIF,% of Citable OA
1619-4500,3200,2.5,16.67
1528-7106,3200,,
0001-3072,3200,2.9,40.22
1018-161X,3200,,
1941-6520,3200,26.9,0
2168-1007,3200,,
0001-4273,3200,13.8,0
1537-260X,3200,6,0
1558-9080,3200,8.3,0
0363-7425,3200,19.3,0
1095-6298,3200,,
0001-4575,3200,6.9,19.21
1745-7718,3200,,
1445-954X,3200,,
0001-4788,3200,2.6,35.87
0810-5391,3200,3.5,34.14
1944-592X,3200,,
1530-9320,3200,,
0951-3574,3200,5.7,22.31
0963-9284,3200,3.7,29.27
1041-0392,3200,,
0155-9982,3200,4,52.75
0148-4184,3200,0.9,0
1032-3732,3200,1.5,41.33
2155-2851,3200,1.4,8
0888-7993,3200,3.2,0
1744-9480,3200,4.1,29.63
1911-382X,3200,1.8,40.63
1030-9616,3200,2.5,4.94
2194-6051,3200,1.2,11.69
0791-9638,3200,,
0361-3682,3200,5.2,25.23
1073-0516,3200,7.1,11.64
1531-4278,3200,,
1046-8188,3200,8,6.42
1049-3301,3200,1.5,10.67
0001-6373,3200,0.7,28.85
0001-6918,3200,2.3,95.75
0353-4316,3200,0.5,81.82
1212-3285,3200,,
1326-964X,3200,,
1476-7333,3200,1,40
1469-7874,3200,5,15.96
0732-5428,3200,,
0065-1915,3200,0.4,0
0095-3997,3200,3.3,23.33
0001-8392,3200,13.9,29.87
1084-1806,3200,,
0972-3617,3200,0.2,53.09
0882-6110,3200,2,7.29
1475-1488,3200,,
1085-4622,3200,,
0001-8678,3200,1.2,2.82
0098-9258,3200,,
1523-4223,3200,3.2,2.44
1479-3598,3200,,
0065-2601,3200,,
1745-3542,3200,,
1571-5027,3200,,
1474-7979,3200,,
1474-7871,3200,,
1041-7060,3200,,
0742-3322,3200,,
1058-7497,3200,,
2475-1790,3200,,
1024-266X,3200,,
0850-3907,3200,,
1017-6772,3200,3.2,6.9
0145-2258,3200,0.4,0
2046-8083,3200,0.5,0
1933-3404,3200,,
1993-3738,3200,0.6,0
1750-4554,3200,,
2040-0705,3200,1.9,9.4
2046-4770,3200,,
2042-1478,3200,0.6,0
0002-0397,3200,2.2,97.92
1751-6447,3200,,
1522-936X,3200,,
1322-1833,3200,,
0742-4477,3200,2.6,40.53
1068-2805,3200,1.5,100
0169-5150,3200,4.5,51.57
,3200,,
0971-3441,3200,,
1109-2580,3200,,
0002-1466,3200,2,12.35
0889-048X,3200,4.1,54.24
0927-3379,3200,0.5,0
1935-8156,3200,,
1944-3900,3200,,
1044-4130,3200,,
0002-4821,3200,0.4,0
2158-5571,3200,0.2,0
1536-4445,3200,,
0971-0388,3200,,
1037-969X,3200,0.8,45.19
0304-3754,3200,1.8,28.24
1068-0861,3200,,
0027-9048,3200,0.6,0
0002-7642,3200,2.6,15.43
0002-7766,3200,1.8,37.21
0743-2348,3200,,
1945-7782,3200,8.5,0
1945-7731,3200,7.6,0
1945-7707,3200,7.4,0
1945-7669,3200,2.4,0
2640-205X,3200,8.9,0
0569-4345,3200,,
0002-9092,3200,4.7,53.33
0002-919X,3200,1.3,18.29
0002-9246,3200,1.2,16.31
1098-2140,3200,1.7,15.31
1752-7767,3200,,
2332-3493,3200,2.9,3.03
0092-5853,3200,7.1,48.1
0002-9556,3200,0.9,0
0090-0036,3200,10.3,0.27
1539-4131,3200,,
0002-9602,3200,5.7,0
1465-7252,3200,1.1,6.45
0003-0554,3200,8.5,75.19
0003-066X,3200,12.8,18.75
1551-1383,3200,,
0275-0740,3200,4,13.73
0003-1224,3200,13.9,29.36
1869-814X,3200,,
0252-8851,3200,,
1303-2917,3200,2,11.66
1844-7007,3200,,
1748-4995,3200,1.8,64.79
1050-5164,3200,2.1,1.65
1932-6157,3200,1.8,0.44
1529-7373,3200,0.4,0
1614-2446,3200,1,35.59
1174-5398,3200,2.6,43.28
0254-5330,3200,4.6,26.05
0091-1798,3200,2.6,1.24
1370-4788,3200,2.3,39.66
0090-5364,3200,5.9,0.29
0002-7162,3200,3.5,6.22
0020-3157,3200,1,0
0160-7383,3200,11.1,35.57
1092-776X,3200,,
1544-4627,3200,,
1941-1383,3200,12.2,41.67
1941-1367,3200,6.5,38.16
2327-0616,3200,,
0066-4308,3200,34.4,50.67
1941-1340,3200,8.8,41.1
0360-0572,3200,15.2,31.33
0003-6056,3200,,
0003-603X,3200,,
0195-6663,3200,4.5,42.57
0888-4080,3200,2.3,54.19
1993-7601,3200,,
1578-4487,3200,,
2632-7627,3200,,
2040-5804,3200,,
0003-6846,3200,2.2,10.41
1350-4851,3200,1.3,6.87
1611-6607,3200,,
0306-2619,3200,11.2,20.47
2253-5799,3200,,
0960-3107,3200,,
1175-5652,3200,3.3,52.91
1350-486X,3200,,
1570-5838,3200,2.1,7.14
0146-6216,3200,1.9,19.8
0269-994X,3200,,
1568-4946,3200,6.9,6.9
1524-1904,3200,1.4,34.62
0003-7087,3200,,
1365-7305,3200,4,21.05
0004-153X,3200,,
0004-1742,3200,,
0886-1013,3200,,
0004-3567,3200,,
2044-2084,3200,,
1412-2073,3200,,
1610-2932,3200,1.5,29.03
1360-2381,3200,2.2,9.04
1020-1246,3200,,
1449-1184,3200,,
1326-8481,3200,,
0219-1466,3200,,
1833-3818,3200,,
2288-5404,3200,,
0217-4561,3200,5.9,18.75
1355-5855,3200,5.4,1.94
1027-5592,3200,,
1094-1665,3200,4.3,5.04
1019-2557,3200,1.5,26.37
1440-4389,3200,,
1387-2834,3200,2,8
1608-1625,3200,1.7,4.88
1757-4323,3200,4.5,2.63
2041-9945,3200,1.8,10.75
1038-4111,3200,4.2,17.5
2194-606X,3200,,
1675-3194,3200,0.4,0
1029-3132,3200,5.1,98.25
1385-3082,3200,,
1394-2603,3200,1.1,94.2
1823-4992,3200,1.1,98.33
1000-6052,3200,,
0117-1968,3200,1.3,15.48
1472-4782,3200,3.2,13.83
0116-1105,3200,,56.25
1351-3958,3200,1.2,12.73
1535-3516,3200,2.1,1.54
1832-8105,3200,5.3,25.71
0002-2942,3200,,
2180-3838,3200,0.5,78.33
2459-9700,3200,,
1656-4383,3200,1,0
1985-4064,3200,1.2,0
2210-6723,3200,2.5,8.54
2463-4522,3200,,
2044-2513,3200,1,59.57
0972-8201,3200,0.2,0
0218-6101,3200,,
0218-5377,3200,1.3,7.25
1568-4849,3200,1.2,4.88
1908-8388,3200,,
1744-1730,3200,2.1,23.64
1321-7348,3200,2.2,2.54
0004-4687,3200,1,1.44
0818-9935,3200,0.9,11.67
2050-3806,3200,3,3.65
0812-860X,3200,,
1496-9572,3200,,
1863-8171,3200,1.5,63.64
0515-0361,3200,2.2,45.88
1543-866X,3200,0.4,0
0197-4254,3200,0.6,18.03
0067-0510,3200,,
1583-5812,3200,,
0278-0380,3200,3.9,0
1834-2000,3200,2.1,9.83
1442-6951,3200,,
1441-7847,3200,0.1,0
1832-0422,3200,,
1448-448X,3200,,
1448-6563,3200,2.1,57.75
1449-8618,3200,2.3,79.1
1320-5323,3200,,
1324-0935,3200,,
1440-6381,3200,1.9,59.39
1441-3582,3200,7.7,32.98
1446-5604,3200,,
1035-6908,3200,3.3,55
0004-8658,3200,,
1369-1473,3200,,
0814-8589,3200,,
0311-6336,3200,,
0310-1053,3200,0.2,0
1321-7844,3200,,
0004-8992,3200,0.9,33.33
0004-900X,3200,1.8,29.91
1445-4068,3200,,
1038-1635,3200,0.3,0
2203-2290,3200,,
1443-0738,3200,,
,3200,,
1038-4162,3200,1.8,27.27
1838-9260,3200,0.1,0
1037-4124,3200,,
0814-0626,3200,2.8,74.56
1323-238X,3200,,
1035-7718,3200,2,38.74
1328-1143,3200,,
1030-7222,3200,,
0312-8962,3200,4.6,25.83
1036-1146,3200,1.5,54.05
0004-9530,3200,4,100
0313-6647,3200,2.3,69.77
0157-6321,3200,2.3,80.25
0004-9611,3200,0.2,0
1038-5959,3200,,
0005-0067,3200,2.4,51.59
1832-1526,3200,,
0812-695X,3200,,
2203-9481,3200,,
0311-094X,3200,0.2,0
1025-6954,3200,,
0926-5805,3200,12.7,19.75
1406-099X,3200,1.2,100
1746-5265,3200,3.2,14.52
1019-7044,3200,,
0832-8722,3200,,
0005-5506,3200,,
1816-7403,3200,,97.78
0197-3533,3200,2.5,17.91
2194-6094,3200,1.7,19.35
1936-0975,3200,,
1050-4753,3200,2,0
0144-929X,3200,4.1,23.63
1463-5771,3200,5.1,2.61
1548-7067,3200,,
1086-3818,3200,,
1350-7265,3200,1.9,0.53
0340-5370,3200,0.2,0
2280-6180,3200,2,98.36
1367-4803,3200,7.1,79.51
0323-3847,3200,2,49.81
0006-3444,3200,3.9,20.38
1465-4644,3200,2.9,22.7
1472-6947,3200,,
1033-4505,3200,,
0006-8047,3200,1.5,0
1516-4373,3200,,
1676-8000,3200,,
0103-2003,3200,,
0968-7017,3200,,
1473-1894,3200,,
0890-8389,3200,8.5,43.5
1357-3217,3200,,
0007-070X,3200,4,13.53
0007-1013,3200,8.1,43.97
1358-0574,3200,,
0007-1080,3200,2.5,63.37
1045-3172,3200,7,60.78
0007-1102,3200,2.8,45
0007-1234,3200,5.7,70.69
0007-1269,3200,3.7,56.1
0144-6665,3200,4.4,68.31
0007-1315,3200,3.4,72.09
0007-1870,3200,,
0007-2303,3200,5.4,0
0008-0195,3200,,
0961-3218,3200,4.2,35
2044-124X,3200,2.6,5.81
1819-5490,3200,,
2056-3728,3200,,
0770-3724,3200,,
0307-3378,3200,1.1,28.38
0007-4918,3200,2.9,23.08
1410-8046,3200,,
1212-074X,3200,,
2363-7005,3200,10.8,77.5
1309-2448,3200,,
2057-0198,3200,1.9,65.17
1369-5258,3200,,
0277-2027,3200,0.5,0
0007-6503,3200,8.1,33.55
0045-3609,3200,2,27.68
2329-4906,3200,1.9,11.33
0007-666X,3200,,
1052-150X,3200,4.3,49.09
0962-8770,3200,,
0007-6791,3200,1.4,51.98
0007-6805,3200,1.5,18.92
0007-6813,3200,10,30.51
1547-2825,3200,,
1533-7421,3200,,
1059-9436,3200,,
2394-9937,3200,,
1463-7154,3200,5.4,9.04
2340-9436,3200,,
0964-4733,3200,16.1,47.04
0955-6419,3200,,
1678-2127,3200,,
0008-1256,3200,15.6,44.3
0309-166X,3200,2.2,24.12
1752-1378,3200,5.7,51.38
0008-1973,3200,1.7,31.25
0008-3003,3200,,
0319-3322,3200,,
0825-0383,3200,1.5,18.09
0008-3976,3200,3.6,45.45
0225-5189,3200,1.9,29.67
0008-4085,3200,1.4,26.42
0829-4836,3200,,
0319-5724,3200,1,26.12
1715-2127,3200,,
0317-0861,3200,1.9,4.26
0008-5111,3200,,
1320-6702,3200,,
0112-0581,3200,,
0309-8168,3200,1.7,37.5
1750-7219,3200,0.8,28.17
1823-4445,3200,,
1932-0213,3200,,
0885-7288,3200,,
1362-0436,3200,4.2,13.39
2213-624X,3200,3.1,29.61
1317-5734,3200,,
1303-0701,3200,2.7,97.62
2080-0886,3200,0.3,8.33
1435-246X,3200,2,57.23
1610-241X,3200,1.4,21.15
0966-4041,3200,,
0718-7912,3200,0.7,0
1029-807X,3200,,
1756-137X,3200,5.4,3.85
1671-2234,3200,3.8,11.56
1043-951X,3200,6.7,5.59
2044-1398,3200,5.8,3.16
0920-203X,3200,2.1,21.74
1755-3091,3200,4.6,94.68
2169-7213,3200,,
0305-7410,3200,2.9,59.39
1750-614X,3200,2.7,0.9
1002-8870,3200,,
0886-5558,3200,,
0327-4063,3200,,
1362-1025,3200,2.3,51.81
0261-9261,3200,0.3,0
1756-5529,3200,4.7,32.85
2010-0078,3200,2.2,10.23
1469-3062,3200,7,44.11
1863-2505,3200,1.3,57.14
2332-2039,3200,2.5,97.92
0010-0285,3200,3.3,42.5
0898-0721,3200,,
1094-8449,3200,,
1544-4848,3200,,
0010-1931,3200,1.2,0
0010-1958,3200,3.3,0
0819-4262,3200,,
1473-7795,3200,,
0165-0750,3200,1.9,0
1466-2043,3200,0.7,36.73
2167-4809,3200,,
0363-7751,3200,2.8,10.67
0093-6502,3200,5.9,22.97
2204-1451,3200,1.6,38.2
1050-3293,3200,5.4,44.44
0361-0926,3200,0.9,4.47
0727-1301,3200,,
0001-0782,3200,20.3,14.45
1529-3181,3200,2.3,0
0010-3802,3200,1.5,23.97
1366-8803,3200,2.3,31.78
0729-2775,3200,0.3,0
0144-1027,3200,,
0888-7233,3200,1.5,25.76
1095-6654,3200,,
0010-4140,3200,5.9,31.5
0010-4159,3200,2.6,0
1024-5294,3200,4.3,55.45
1039-5598,3200,,
1783-5917,3200,,
1476-9085,3200,,
1059-5422,3200,3.6,9.43
1262-2788,3200,0.6,0
0927-7099,3200,2.1,20
1619-697X,3200,1.2,45.45
0167-9473,3200,1.9,22.48
1357-3128,3200,,
0267-3649,3200,3.7,46.9
0925-9724,3200,2.7,69.62
0360-8352,3200,7,10.35
0305-0548,3200,4.9,25
0167-4048,3200,5.9,25.6
0747-5632,3200,10.6,30.31
0738-8942,3200,2.3,19
1536-5581,3200,1.1,38.3
1043-4062,3200,0.8,48.24
1835-6354,3200,2.1,92.86
1471-4175,3200,3.9,10
0267-2359,3200,,
0144-6193,3200,3.7,49.1
2752-6666,3200,,
0883-4555,3200,,
1025-3866,3200,2.4,42.47
0823-9150,3200,5.6,41.43
1074-3529,3200,1.4,24.53
2084-0845,3200,1.7,81.4
0094-3061,3200,0.6,1.3
0277-5921,3200,,
2300-1240,3200,,
0886-3520,3200,,
1938-9655,3200,4.2,17.78
0010-8812,3200,0.5,0
0010-8847,3200,,
0746-8652,3200,,
1356-3289,3200,3.1,10.47
1089-327X,3200,,
2519-8971,3200,,
1028-9666,3200,,
1472-0701,3200,6,7.6
0964-8410,3200,6.6,39.16
1727-9232,3200,,
1363-3589,3200,2.4,28.99
1535-3958,3200,11.3,31.92
1534-715X,3200,,
,3200,,
1092-8057,3200,,
0963-1690,3200,4.4,51.32
2199-1227,3200,,
0925-4994,3200,1.6,41.03
1467-2715,3200,2.7,26.88
1740-5904,3200,2.4,41.32
2164-5744,3200,2.2,0
1045-2354,3200,6.6,50.5
1742-2043,3200,2.7,12.05
1529-5036,3200,1.6,2.53
2059-5794,3200,2.8,2.02
1099-9809,3200,4.1,20.75
1469-3690,3200,,
1475-9551,3200,1.8,52.73
,3200,,
1368-3500,3200,6.3,13.79
0070-1998,3200,2.2,80
1057-2309,3200,,
2203-5028,3200,,
2196-291X,3200,,
1450-4561,3200,,
1802-4696,3200,,
0015-1920,3200,0.5,0
0317-1663,3200,,
0169-023X,3200,2.3,25.44
0095-0033,3200,3.1,0
0013-063X,3200,2,61.7
1835-9264,3200,,
2325-9965,3200,1.4,17.44
1545-8490,3200,1.6,0
0011-7315,3200,4.8,29.85
1540-4595,3200,1.6,26.53
0167-9236,3200,8.2,15.71
1593-8883,3200,1.2,48.48
1024-2694,3200,2.1,22.6
0011-7625,3200,,
0364-9490,3200,,
1435-9871,3200,2.5,99.59
0070-3370,3200,4.5,89.96
1542-2763,3200,,
1389-1863,3200,,
0142-694X,3200,4.8,52.44
0012-1533,3200,1.6,11.11
0012-155X,3200,3.7,59.86
1477-7282,3200,,
0950-6764,3200,1.8,50
0376-835X,3200,1.8,37.5
2398-5046,3200,,
0361-3666,3200,3.1,61.64
1750-4813,3200,2.3,21.37
0957-9265,3200,2.8,27.59
1461-4456,3200,2.2,30.5
1053-6736,3200,,
0012-7086,3200,2.1,0
1548-372X,3200,,
1234-3862,3200,,
2153-0785,3200,1.7,25.82
1528-8226,3200,,
0094-5056,3200,0.9,13.16
0012-8775,3200,1.3,17.32
0928-2750,3200,0.5,1.32
0921-8009,3200,7.3,46.84
0012-9658,3200,5.2,45.21
1933-527X,3200,0.5,0
0747-4938,3200,1.6,22.32
0266-4666,3200,1.4,26.96
0012-9682,3200,8.3,0.46
2225-1146,3200,,
2452-3062,3200,,
1368-4221,3200,4.6,20.78
0254-4415,3200,0.6,84.62
0012-981X,3200,,
1529-7470,3200,,
0265-0665,3200,1.6,35.44
0313-5926,3200,7.6,13.33
1580-0466,3200,,
0143-831X,3200,2.4,44.87
1751-8326,3200,,
0012-9976,3200,,
0012-9984,3200,0.6,0
1573-9414,3200,4.2,9.38
0424-267X,3200,0.9,96.15
0013-0079,3200,2.1,4.51
0891-2424,3200,1.7,1.96
0013-0095,3200,8.4,58.49
2078-0389,3200,1.1,21.88
0095-2583,3200,1.7,44.1
1363-7029,3200,1.4,0
0264-9993,3200,4.8,21.62
0391-5026,3200,1.2,11.9
,3200,,
0266-4658,3200,6.8,32.26
1994-5124,3200,0.3,98.91
0041-3011,3200,0.5,95.92
0035-2764,3200,0.6,0.92
1505-4683,3200,,
0304-2758,3200,,
0205-3292,3200,,
0939-3625,3200,3.4,18.52
0953-5314,3200,2.1,24.19
0938-2259,3200,1.2,37.5
2196-1085,3200,0.3,31.82
0205-1990,3200,,
0013-0427,3200,1.9,53.85
1864-6042,3200,1.2,100
0954-1985,3200,1.7,34.48
1584-0409,3200,,
2392-1641,3200,1.3,96.55
0126-155X,3200,,
1570-677X,3200,2.2,42.12
0266-2671,3200,1.5,65.38
2280-7659,3200,,
1545-2921,3200,0.4,0
0165-1765,3200,1.8,24.32
0272-7757,3200,2.5,36.92
2160-5882,3200,1.6,9.09
1435-6104,3200,1.1,23.53
1043-8599,3200,3.3,20.9
2212-0122,3200,2.9,30
1842-3191,3200,,
,3200,,
2194-6167,3200,0.7,29.58
0308-5147,3200,4.9,61.45
0736-6981,3200,,
0964-5292,3200,1.3,26.32
1557-3060,3200,2,1.11
0013-1644,3200,4.3,24.81
1741-1432,3200,4.2,26.84
1448-2398,3200,0.2,0
1025-5508,3200,,
1389-5753,3200,4.6,17.59
1567-4223,3200,7,9.43
1570-2294,3200,,
1298-0137,3200,,
1566-6379,3200,,
1479-4411,3200,,
,3200,,
1681-4835,3200,1.7,22.69
1019-6781,3200,10,67.66
1521-3250,3200,,
1540-496X,3200,3.2,4.52
1566-0141,3200,5.1,13.55
0340-8744,3200,1.6,51.43
0377-7332,3200,2.6,35.67
1681-8997,3200,,
0142-5455,3200,3.8,10.55
0098-8898,3200,,
0892-7545,3200,1.7,20
0958-305X,3200,4.2,1.86
0140-9883,3200,13.2,22.75
0195-6574,3200,2.6,10.73
0301-4215,3200,8.8,34.76
1556-7249,3200,2.7,13.29
0843-4379,3200,,
1392-2785,3200,1.8,98.33
0013-791X,3200,1.2,8.82
0969-9988,3200,4.7,3.02
1974-4730,3200,,
1467-2227,3200,1.1,56.82
1755-1978,3200,,
2651-9615,3200,,
1751-7575,3200,3.9,20.37
0959-3799,3200,,
1932-4480,3200,,
0898-5626,3200,5.5,46.99
2194-6175,3200,2.4,6.86
1042-2587,3200,12.8,40
1355-770X,3200,2.6,35.62
0308-518X,3200,4.4,47.64
0265-8135,3200,,
0263-774X,3200,,
0263-7758,3200,4.5,45.29
0975-4253,3200,1.8,4.69
1352-8505,3200,2.4,43.69
0813-300X,3200,0.3,0
0924-6460,3200,3.9,51.04
1432-847X,3200,2.2,28.89
1350-4622,3200,4.6,38.24
,3200,,
0364-152X,3200,3.5,37.96
1180-4009,3200,1.6,45.39
2040-7149,3200,3,9.21
1876-9098,3200,,
1824-3886,3200,,
1292-8100,3200,0.6,93.33
0896-226X,3200,,
0101-4161,3200,,
1639-1306,3200,,
1388-1957,3200,4.4,71.1
0014-1704,3200,3,0
1309-4297,3200,3.7,43.68
1309-422X,3200,2.7,31.18
1538-7216,3200,2.8,31
1694-5948,3200,,
2192-4376,3200,2.9,98.53
,3200,,
1450-2194,3200,4.6,7.51
0966-8136,3200,1.6,27.84
2190-9733,3200,1.4,46.67
0959-6941,3200,,
1566-7529,3200,2.8,65.26
0955-534X,3200,17.5,7.14
1572-4999,3200,,
1744-1056,3200,,
0144-3054,3200,,
2323-5233,3200,,
0014-2921,3200,3.2,46.49
1354-7798,3200,3.2,42.6
0142-0461,3200,,
0267-3231,3200,3.3,43.3
1824-2979,3200,0.7,0
0957-8811,3200,2.5,44.03
2052-7764,3200,0.9,50.77
2254-7088,3200,,
1618-7598,3200,3.8,66.45
0959-6801,3200,2.8,49.28
0960-085X,3200,10.7,33.06
1460-1060,3200,6.7,18.52
0938-5428,3200,1.9,33.33
1751-6757,3200,1.4,5.14
1354-0661,3200,4,57.81
0929-1261,3200,1.2,46.15
2183-4172,3200,,
0309-0566,3200,6.4,9.8
0377-2217,3200,6.2,30.77
0890-2070,3200,5.5,41.89
0176-2680,3200,3,35.78
0304-4130,3200,5.9,76.42
0168-6577,3200,3.2,92.52
1015-5759,3200,3.6,22.22
1101-1262,3200,4.2,100
0046-2772,3200,3.9,58.61
0003-9756,3200,1.8,52.38
0967-2567,3200,0.7,15.86
2046-9012,3200,3.2,9.59
1567-7133,3200,,
1359-432X,3200,5.7,42.68
1351-5993,3200,1.8,56.96
0307-5400,3200,0.7,0
0263-2373,3200,7.4,34.32
1740-4754,3200,3.7,56.08
0165-1587,3200,4.3,27.78
1361-4916,3200,1.5,33.33
1618-4742,3200,4.3,33.58
0014-3138,3200,,
1825-3997,3200,1,0
0014-3154,3200,,
0969-7764,3200,3.7,40.26
1356-3890,3200,2,37.93
0193-841X,3200,3.1,9.48
1525-9951,3200,1.5,10.57
2049-3983,3200,1.9,1.8
1386-4157,3200,2.6,58.42
1473-7167,3200,2,33.99
0957-4174,3200,7.8,10.99
0014-4983,3200,2.3,40.71
0263-2772,3200,2.2,14.2
0354-4699,3200,,
0896-307X,3200,,
0894-4865,3200,8.8,33.33
1019-035X,3200,,
0067-205X,3200,,
1354-5701,3200,3.8,24.24
2319-7145‎,3200,,
0752-6180,3200,,
0949-2984,3200,1.8,48.86
0970-3772,3200,,
1544-6123,3200,7.2,11.31
0267-4424,3200,3.1,68.24
0015-198X,3200,3.9,31.33
0968-5650,3200,0.9,53.13
0046-3892,3200,4.8,34.62
1934-4554,3200,2.1,54.17
0963-8008,3200,,
2206-1355,3200,,
2036-671X,3200,,
1449-2318,3200,,
0732-8516,3200,2.1,27.5
1035-2155,3200,,
1057-0810,3200,,
1332-3970,3200,,
0784-5197,3200,,
1396-0466,3200,,
0143-5671,3200,3.4,75.32
1936-6582,3200,2.9,34.51
0306-9192,3200,7,46.11
0950-3293,3200,5.5,44.46
1532-303X,3200,,
0015-7120,3200,,
0015-7228,3200,,
0015-7325,3200,1.3,5.49
1463-6689,3200,2.8,4.41
1389-9341,3200,4,38.85
2194-6191,3200,,
0736-0932,3200,1.2,17.59
1341-3732,3200,,
1554-0642,3200,,
1551-3076,3200,,
1551-3114,3200,2.1,0
1567-2395,3200,,
1547-9846,3200,,
1814-2044,3200,,
1673-3444,3200,,
0016-3287,3200,3.9,58.85
1136-0593,3200,,
1832-4975,3200,,
2073-4336,3200,,
0899-8256,3200,1.2,32.96
0891-2432,3200,6.5,34.41
1754-2413,3200,3.4,9.09
0968-6673,3200,4.6,60.33
1465-6485,3200,1.2,15.91
0002-1121,3200,,
2397-0022,3200,4.4,40.38
1097-4954,3200,,
1932-2054‎,3200,,
0972-1509,3200,2.4,3.98
1226-508X,3200,1.9,0
2194-5659,3200,0.7,0
0959-3780,3200,11.5,62.32
1526-3800,3200,5.4,24.24
1044-0283,3200,4.8,14.8
2574-0474,3200,,
0972-2696,3200,,
2514-9342,3200,2.3,3.13
1470-2266,3200,2.8,52.11
,3200,,
1468-0181,3200,1.5,36.19
2042-5791,3200,7.4,60.76
0867-0005,3200,0.4,92.31
0740-624X,3200,11.1,41.39
1038-3441,3200,1.3,48.33
1059-6011,3200,4.9,18.28
0926-2644,3200,2.4,25
1089-2699,3200,2.5,0
1368-4302,3200,3.8,28.84
0017-4815,3200,2.9,21.26
0197-3975,3200,7.5,19.92
0017-8012,3200,10.9,0
0147-8257,3200,,
0017-8063,3200,,0
0193-4872,3200,0.6,0
0897-3393,3200,,
0017-811X,3200,4.5,0
1554-849X,3200,,
0361-6274,3200,3.2,18.63
1386-9620,3200,3,35.64
1041-0236,3200,3.6,11.8
1057-9230,3200,2.5,43.48
,3200,,
1744-1331,3200,2.7,67.39
1460-4582,3200,2.7,95.11
0735-9683,3200,,16.44
0168-8510,3200,3.3,57.17
2211-8837,3200,3.8,34.26
0957-4824,3200,2.8,45.08
1387-3741,3200,1.6,28.17
0951-4848,3200,1.4,15.19
0017-9124,3200,4.1,44.92
0951-5224,3200,2.7,44.85
2042-3896,3200,2.1,8.3
1465-4466,3200,1.2,12.12
1362-1572,3200,,
1122-8792,3200,,
2240-9971,3200,0.2,0
1037-0196,3200,,28.95
0018-2702,3200,1,0
0018-280X,3200,0.5,0
0943-0180,3200,0.4,56
0378-0600,3200,0.2,0
2042-7913,3200,1.1,2.78
1051-1482,3200,3.3,16.2
0267-3037,3200,3.9,44.98
1543-2602,3200,,
0360-3989,3200,4.5,20.35
1402-1501,3200,,
0895-9285,3200,2.9,12.2
0018-7267,3200,7.3,45.35
1367-8868,3200,4.4,21.09
1044-8004,3200,5.5,32.61
1534-4843,3200,8.2,15.94
0090-4848,3200,9.4,47.68
0967-0734,3200,,
0954-5395,3200,7.8,63.57
1053-4822,3200,13.2,28.89
0167-2533,3200,1.6,2.08
0737-0024,3200,5.5,50.94
0386-1112,3200,4,96.89
0018-8670,3200,,
2049-1999,3200,,
1558-0040,3200,,
1524-9050,3200,9.5,4.16
0361-1434,3200,1.9,4.82
0018-9545,3200,7.4,3.18
0018-9855,3200,1.3,50
0740-817X,3200,,
2321-029X,3200,,
0970-3896,3200,1.9,96.43
0019-7939,3200,4.4,26.25
1940-204X,3200,,
2041-4161,3200,3.7,0
1461-5517,3200,2.1,30.58
0019-4662,3200,,
0019-4670,3200,,10.75
1753-8254,3200,1.3,0
0974-6862,3200,,
0019-5170,3200,,
0973-8711,3200,,
0971-5215,3200,1,8.16
0019-5286,3200,,
0971-7927,3200,1.4,8.28
0973-8703,3200,,
2597-6214,3200,0.5,72.5
1411-8858,3200,,
0960-6491,3200,3,27.42
1754-9426,3200,7.5,32.53
0305-9332,3200,1.7,58.1
0263-5577,3200,6,3.28
0019-8501,3200,9,43.63
0019-8692,3200,1.6,64.63
0019-8676,3200,2.6,62.69
0950-4222,3200,2.4,23.08
1366-2716,3200,4.5,39.07
0315-5986,3200,1.5,4.05
1753-8157,3200,3,12.77
1389-1995,3200,,
0378-7206,3200,11.2,15.9
1360-0834,3200,2.9,48.15
0890-5401,3200,1.1,25.65
2056-4961,3200,2.2,12.04
1471-7727,3200,6.9,38.6
0950-5849,3200,4.5,31.73
2398-6247,3200,2.6,7.48
0167-6245,3200,4.1,33.8
1570-1255,3200,2.4,36.36
0306-4573,3200,7.4,10.64
0020-0190,3200,0.6,21.23
,3200,,
1040-1628,3200,1.1,29.82
1386-4564,3200,2.4,33.33
1617-9846,3200,3.3,59.78
1387-3326,3200,7.8,43.22
1350-1917,3200,9.7,56.08
1058-0530,3200,4.6,23.21
1047-7047,3200,9.2,0
0959-3845,3200,5.8,9.07
1098-3058,3200,8.4,30.56
0730-9295,3200,1.9,98.46
1385-951X,3200,2.8,12.09
0268-1102,3200,6.9,28.16
1080-286X,3200,,
1473-8716,3200,2,33.9
1369-118X,3200,5.6,47.81
0092-2102,3200,,
1091-9856,3200,2.7,0
1531-3468,3200,,
1447-9338,3200,3.5,45.31
1351-1610,3200,2.4,33.94
1443-9662,3200,,
1039-3293,3200,0.7,0
1743-4009,3200,,
1030-2379,3200,,
0167-6687,3200,2.3,26.32
1554-9607,3200,,
0824-7064,3200,,
1364-906X,3200,,
1055-615X,3200,,
0953-5438,3200,1.9,31.13
1521-0227,3200,,
0020-5346,3200,,
0897-0378,3200,,
0020-5893,3200,2.1,61.54
1083-0898,3200,1.2,29.73
0020-5850,3200,4.4,52.47
1388-7084,3200,,
0309-7676,3200,,
0969-5931,3200,8.2,32.44
0958-5214,3200,,
2044-4001,3200,,
1474-6743,3200,2,6.35
1016-8737,3200,1.3,3.16
0020-6598,3200,1.9,35.63
1612-4804,3200,1.4,27.91
1554-7191,3200,5.9,39.05
1567-9764,3200,2.9,68.18
1367-0271,3200,1.4,4.08
1445-9795,3200,2.2,32.5
0219-1989,3200,0.4,0
,3200,,
1180-0518,3200,0.4,45.28
0968-2090,3200,,
2448-9867,3200,,
1752-8224,3200,,
1834-7649,3200,5.5,1.72
1467-0895,3200,6.3,32.1
1740-8008,3200,,
0265-0487,3200,8.2,19.89
1462-4605,3200,,
1791-5120,3200,,
,3200,,
1530-7247,3200,,
1544-4740,3200,,
1480-8986,3200,0.8,0
1479-5914,3200,0.6,63.33
1090-6738,3200,2.6,38.3
1881-7629,3200,1,100
1229-9138,3200,1.7,3.85
0265-2323,3200,7.3,5.83
1755-3830,3200,,
1753-1969,3200,,
2050-2281,3200,,
1083-4346,3200,0.7,0
1607-0704,3200,,
1728-8673,3200,,
1511-6670,3200,0.9,93.63
2329-4884,3200,4,7.96
1746-0972,3200,,
1947-3591,3200,,
2329-261X,3200,,
1548-0623,3200,,
1815-4654,3200,1.7,0
1757-1170,3200,0.3,1.56
0951-192X,3200,4.2,17.22
1044-4068,3200,2.8,5.22
1470-6423,3200,9.7,24.44
0959-6119,3200,9.2,3.02
0218-8430,3200,0.7,0
1754-3037,3200,,
1757-9848,3200,,
1470-5958,3200,3.2,25.93
1028-6632,3200,1.9,38.17
1548-3924,3200,0.6,92.5
2010-2704,3200,,
1446-8956,3200,,
2212-4209,3200,5.1,31.28
1741-3591,3200,3.3,14.79
,3200,,
1752-0452,3200,,
,3200,,
1742-7355,3200,0.6,20.55
2041-868X,3200,,
1756-9850,3200,,
2146-4138,3200,,
,3200,,
0951-354X,3200,2.4,5.78
1753-5239,3200,,
1086-4415,3200,6.1,13.33
1750-0664,3200,,
1746-0069,3200,,
1548-3886,3200,1.3,40.32
1741-1025,3200,,
2047-0908,3200,,
1746-8809,3200,3.4,4.2
1039-6993,3200,,
2146-4553,3200,,
1750-6220,3200,2.8,1.59
1548-1115,3200,1.2,100
1748-1260,3200,,
1355-2554,3200,6.1,20.72
1465-7503,3200,2.9,40.65
0957-4352,3200,0.7,0
2514-9369,3200,3,1.06
1758-2954,3200,2.4,9.52
1833-0681,3200,,
1041-2743,3200,,
1076-9307,3200,3.1,31.33
2424-7863,3200,0.6,0.6
1756-7130,3200,,
1460-6712,3200,,
2227-7072,3200,2.3,100
0169-2070,3200,7.5,35.02
0020-7276,3200,0.5,38.1
1756-6266,3200,4.6,20.9
0308-1079,3200,2.2,2.67
0973-4619,3200,,
0954-7118,3200,0.6,0
0047-0724,3200,,
1744-9928,3200,,
0952-6862,3200,1.4,16.67
1389-6563,3200,,
1555-3396,3200,0.9,97.67
2047-9700,3200,1.7,10.73
1352-7258,3200,2.3,47.53
1999-561X,3200,,
1525-6480,3200,3.2,5.52
0278-4319,3200,10.3,13.58
1753-8270,3200,1.9,3.45
1461-6718,3200,,
0958-5192,3200,6.9,36.51
1044-7318,3200,5.5,14.81
1071-5819,3200,6.5,40.43
0167-7187,3200,1.7,25.64
1550-1876,3200,1.6,99.07
2056-4880,3200,2.9,12.38
0268-4012,3200,23,34.44
1615-5262,3200,3.1,35.28
1930-1650,3200,0.8,32.73
1479-3121,3200,,
1935-5726,3200,0.9,93.48
0219-6220,3200,1.9,0.85
1554-1045,3200,0.6,100
1478-9647,3200,,
1548-3657,3200,0.7,94
0147-1767,3200,3.2,30.63
1476-1300,3200,,
1477-5212,3200,,0
1662-5544,3200,,
1753-8394,3200,3,1.79
1741-1009,3200,0.8,0
1548-0666,3200,1.5,100
1743-8268,3200,,0
1447-9524,3200,,
0967-0769,3200,2.3,44.78
1754-243X,3200,1.9,2.86
2040-4166,3200,4,13.11
1741-5373,3200,,
1367-5567,3200,6.2,16.91
0813-0183,3200,,
1754-2316,3200,,
1460-8545,3200,12.2,70
1753-6715,3200,1.5,1.67
1743-9132,3200,2.5,0.76
1753-8378,3200,3.4,16.92
0143-7720,3200,5.2,9.45
1470-7853,3200,3.3,23.81
1386-5056,3200,4.9,41.46
1752-0479,3200,,
1465-4520,3200,,
0144-3577,3200,9.6,18.93
1082-1910,3200,,
1934-8835,3200,3.5,4.7
1750-6123,3200,1.4,1.83
0960-0035,3200,8.2,24.06
0891-1916,3200,1.7,9.68
2048-2361,3200,,
0925-5273,3200,11.2,19.36
0020-7543,3200,8.8,17.15
1741-0401,3200,4.1,5.56
0263-7863,3200,8.9,51.46
0190-0692,3200,2.5,15.9
,3200,,
0951-3558,3200,3.4,19.29
0265-671X,3200,3.2,4.83
1756-669X,3200,3.3,4.62
0167-8116,3200,8.5,34.19
0959-0552,3200,5.9,14.94
1474-7332,3200,,
1466-8297,3200,,
0965-075X,3200,3,48.74
0306-8293,3200,2,2.72
1752-6124,3200,,
1364-5579,3200,4.5,60.26
0144-333X,3200,2,17.14
2472-1735,3200,,
1936-3915,3200,2,1.64
1558-6235,3200,1,0
1546-234X,3200,,
1940-6940,3200,3.1,45.19
0047-0767,3200,0.7,0
1475-8962,3200,,
1464-6668,3200,3.4,9.74
2090-3332,3200,,
1553-118X,3200,,30
1648-715X,3200,1.8,96.67
1072-5245,3200,4.2,6.42
1743-8284,3200,,
1756-5804,3200,,
1556-8318,3200,5,26.9
1548-3908,3200,0.8,98.53
0267-5730,3200,1.8,0.76
1474-2748,3200,,
1741-878X,3200,,
1832-3669,3200,,
1357-1516,3200,1.7,26.32
0219-0249,3200,0.5,3.37
2056-5607,3200,3,13.07
1750-4090,3200,,
1099-2340,3200,5.8,25.93
1598-0634,3200,,
1742-7541,3200,,
1360-3736,3200,2,56
0303-5247,3200,,
0309-1317,3200,3.7,52.6
0143-3369,3200,1.4,35.34
,3200,,
1477-8394,3200,,
1751-1062,3200,3.1,4.49
1740-8938,3200,,
0147-5479,3200,0.9,59.14
0020-7780,3200,2.1,18.18
0265-1335,3200,6.2,10.63
0020-7985,3200,2.5,51.46
0197-9183,3200,3.5,30.68
1382-340X,3200,0.9,11.29
0020-8183,3200,8.7,51.95
,3200,,
1096-7494,3200,3.2,30
2154-8919,3200,0.4,0
0160-0176,3200,2.4,14.29
1012-6902,3200,3,45.26
0020-8523,3200,3.1,26.73
0269-2171,3200,1.6,22.96
1865-1704,3200,,
1059-0560,3200,5.5,14.04
1477-3880,3200,1.5,26.32
1932-1465,3200,2.4,0
1369-412X,3200,2.2,25
1057-5219,3200,9.8,18.1
1614-1687,3200,0.4,0
0144-8188,3200,1.1,22
1360-0869,3200,,
1229-4659,3200,,
0959-3969,3200,3.2,38.83
1865-1984,3200,2.3,24.47
0266-2426,3200,6.3,45.63
,3200,,
0306-7734,3200,2.4,38.46
0020-8825,3200,2.1,25.4
0020-8833,3200,3.3,39.88
0927-5940,3200,1.5,42.95
0097-7314,3200,,
0958-7594,3200,,
0885-3908,3200,,9.18
0969-6016,3200,2.9,25
1385-3074,3200,,
0925-0832,3200,,
1066-2243,3200,8.2,9.03
0165-2826,3200,0.6,0.61
1029-3523,3200,1.3,13.1
1810-4967,3200,,
,3200,,
1649-248X,3200,0.8,84.62
0790-7362,3200,,
,3200,,
1319-1616,3200,,
0128-1976,3200,2.1,96.1
0739-3172,3200,2,0
,3200,,
0162-8178,3200,0.4,0
0972-690X,3200,,
0972-6853,3200,,
,3200,,
0922-1425,3200,1.6,21.79
2433-3689,3200,,
1352-4739,3200,1.2,28.81
0313-5934,3200,,
,3200,,
0120-4483,3200,,
2326-3296,3200,,
1040-9602,3200,,
0379-6205,3200,,
1481-9112,3200,,
1542-8710,3200,,
0021-8448,3200,,
1832-5912,3200,2.9,11.72
0165-4101,3200,9.3,15.75
1583-4387,3200,,
0278-4254,3200,3.6,13.79
0148-558X,3200,1.9,9.35
0748-5751,3200,,
2042-1168,3200,3.9,6.19
0737-4607,3200,3.3,6.49
0021-8456,3200,7.3,39.69
0216-423X,3200,,
1089-652X,3200,,
0197-6729,3200,2.3,100
0091-3367,3200,8.5,22.31
1098-0482,3200,,
0021-8499,3200,3.3,0
1522-8916,3200,2.5,11.93
1060-6076,3200,,
0963-8024,3200,1.7,48.6
2044-0839,3200,2.3,6.95
1542-0485,3200,,
1074-0708,3200,1.6,100
1068-5502,3200,1.6,0
0021-857X,3200,4.4,63.16
1085-7117,3200,1.4,43.27
0021-8642,3200,,
0969-6997,3200,4.5,23.43
0967-5426,3200,4.4,13.33
1499-691X,3200,,
0090-9882,3200,2.6,6.36
1078-1196,3200,1.8,23.76
0883-7252,3200,2.9,38.17
1843-6110,3200,,
1514-0326,3200,2.2,98.66
1534-6668,3200,,
1836-6953,3200,,
1077-1158,3200,,
0021-9002,3200,0.8,3
0021-9010,3200,10.6,5.22
1834-2582,3200,,
0021-9029,3200,2.8,51.91
2327-0187,3200,,
1041-3200,3200,4.1,41.32
1067-5817,3200,,
0266-4763,3200,1.5,9.32
1063-2921,3200,1,25.45
1558-7894,3200,3.5,1.88
1177-4541,3200,,
1059-9231,3200,,
2515-964X,3200,,
1049-0078,3200,3.5,4.25
0156-5826,3200,1.8,0
1440-0405,3200,,
0378-4266,3200,4.8,23.4
1034-3040,3200,0.2,0
1745-6452,3200,1.4,25.64
2214-8043,3200,1.8,41.94
2214-6350,3200,5,34.06
0894-3257,3200,2.7,50
1542-7560,3200,2.3,15.79
2152-2812,3200,,
1387-6996,3200,,
1054-3406,3200,1.3,9.23
1350-231X,3200,5.1,21.78
0735-0015,3200,5.1,25.1
1063-343X,3200,,
0885-8624,3200,3.9,12.08
2573-234X,3200,1.5,14.81
1528-5014,3200,,
1542-4448,3200,,
1535-668X,3200,,
0889-3268,3200,6.7,29.27
1050-6519,3200,2.6,4.17
1613-9615,3200,,
2509-7962,3200,,
1611-1699,3200,2.8,99.47
0167-4544,3200,8.7,41.81
0306-686X,3200,3.6,32.38
0021-9460,3200,,
0735-3766,3200,10.6,44
1864-0753,3200,,
0148-2963,3200,12.8,30.12
0275-6668,3200,,
2581-8104,3200,,
0883-9026,3200,12.1,36.11
2352-6734,3200,,
1051-712X,3200,2.6,9.68
1069-0727,3200,3.6,13.38
0894-8453,3200,3.5,6.84
1548-7717,3200,1.4,98.96
1469-7017,3200,3.5,52.08
1938-8160,3200,2.4,6.4
1754-4408,3200,1.6,2.38
1476-5284,3200,2.6,20
1839-065X,3200,,
1755-5345,3200,3.7,45.87
0959-6526,3200,10.7,15.42
0961-5784,3200,,
2277-2146,3200,,
2405-8513,3200,4,30.32
0021-9886,3200,3.1,72.59
0021-9916,3200,6.7,26.4
1363-254X,3200,3.3,20
,3200,,
0147-5967,3200,3.8,20.83
1481-0468,3200,,
1387-6988,3200,2.9,34.18
1744-6414,3200,1.2,26.42
1061-8600,3200,2.2,23.02
1460-1559,3200,0.7,0
0022-0000,3200,1.1,30.77
0887-4417,3200,3.9,11.85
0022-0027,3200,3.3,26.56
1054-3007,3200,,
0733-9364,3200,5.6,2.56
1358-9180,3200,,
1072-0537,3200,1,22.22
0022-006X,3200,6.5,31.34
0022-0078,3200,3.1,37.58
1472-0817,3200,5.3,27.79
0736-3761,3200,3.8,3.3
0168-7034,3200,2.5,61.76
1057-7408,3200,6.2,40.71
0093-5301,3200,9.4,31.58
0899-8620,3200,,
1815-5669,3200,3.9,13.41
0194-0430,3200,,
1030-7230,3200,,
1547-0148,3200,2.2,5.45
1044-8136,3200,1.4,13.84
0929-1199,3200,9.4,21.95
1473-5970,3200,1.5,57.38
1463-001X,3200,2.5,25.64
0360-795X,3200,,
1848-137X,3200,,
1941-658X,3200,,
1744-6619,3200,0.5,0
0022-0221,3200,3.3,25.87
1542-8052,3200,1.3,2.23
0885-2545,3200,2.9,48.48
2044-1266,3200,1.4,15.71
1064-1734,3200,3.2,15
1475-3928,3200,,
1063-8016,3200,2,79.22
1741-2439,3200,,
1246-0125,3200,4.2,29.87
2054-0892,3200,1.4,28.36
1753-9641,3200,,
2212-571X,3200,9.2,29.57
0304-3878,3200,6.4,32.72
0022-0388,3200,2.8,37.99
2050-0076,3200,,
0022-0418,3200,2.4,19.2
0949-6181,3200,0.6,1.19
1066-9868,3200,1.4,6.56
1881-1124,3200,,
,3200,,
0304-4076,3200,7.8,22.26
1026-4116,3200,2.2,0.41
0747-9662,3200,,
1325-2224,3200,,
0167-2681,3200,2.6,35.3
0254-8372,3200,,
0165-1889,3200,2.1,26.54
1468-2702,3200,4.5,45.97
1381-4338,3200,3.8,61.7
2572-7362,3200,,
1225-651X,3200,1.2,89.89
1860-711X,3200,1.1,49.44
0021-3624,3200,0.9,15.5
0002-0515,3200,,
1350-178X,3200,1.6,38.46
0895-3309,3200,14.4,68
1748-7870,3200,2.4,29.63
0167-4870,3200,3,41.28
1226-4261,3200,,
2199-6776,3200,,
0144-3585,3200,2.4,9.15
0950-0804,3200,7.1,50
0022-0531,3200,1.6,25.65
0931-8658,3200,1.7,28.13
0013-3035,3200,0.4,98.81
1058-6407,3200,1.9,44.09
0148-6195,3200,3.2,29.11
1055-0925,3200,,18.88
1543-0464,3200,,
0021-4027,3200,2,54.84
2772-9001,3200,,
1472-4049,3200,3,18.28
1363-9080,3200,2,46.73
0098-9495,3200,0.4,0
0883-2323,3200,1.4,9.52
0957-8234,3200,2.9,4.5
1539-2937,3200,1.2,96.77
1938-9027,3200,,
0972-6527,3200,1.3,3.23
1554-1908,3200,2.3,0
0927-5398,3200,3.3,21.2
,3200,,
1740-1453,3200,1.8,43.82
0022-0787,3200,1.4,21.57
0361-4476,3200,,
0923-4748,3200,4.3,26.67
1726-0531,3200,2.9,7.8
1741-0398,3200,7.6,3.47
1750-6204,3200,3,5.69
0971-3557,3200,2.7,16.67
2053-4604,3200,3.9,8.09
1070-4965,3200,3.1,15.56
0095-0696,3200,7.5,40
0952-8873,3200,2.4,56.58
0301-4797,3200,8.6,16.72
0964-0568,3200,4.1,23.19
1049-6483,3200,,
0391-5115,3200,,
1350-1763,3200,5.1,69.17
1753-9269,3200,1.4,26.67
0936-9937,3200,2.1,52.29
1076-898X,3200,2.9,19.85
0096-3445,3200,4.5,24.86
0278-7393,3200,2.6,21.21
0022-1031,3200,3.9,31.97
1472-5967,3200,2.6,8
1058-0476,3200,3.1,28.06
1877-8585,3200,7.8,32.26
1361-2026,3200,4.9,2.72
1527-5426,3200,,
0022-1090,3200,4.4,25.9
1052-3073,3200,2.2,0
1359-0790,3200,,
1479-8409,3200,2.9,26.02
1757-6385,3200,1.7,3.54
0304-405X,3200,13.7,21.72
0093-3961,3200,,
1042-9573,3200,4.6,19
0970-4205,3200,,
1366-4387,3200,2.3,1.61
2282-717X,3200,,
1386-4181,3200,2.8,18.12
2053-4833,3200,3,48.48
1358-1988,3200,1.6,13.59
2380-2154,3200,2.5,0
1985-2517,3200,4.1,1.26
0270-2592,3200,3.6,30.91
1363-0539,3200,4.1,11.76
0920-8550,3200,1.9,29.69
1572-3089,3200,6,19.05
0047-245X,3200,,
1045-4446,3200,3.3,24.07
1745-4506,3200,,
1537-8020,3200,,
0277-6693,3200,2.9,24.15
,3200,,
,3200,,
0898-5510,3200,,
1104-6899,3200,1,0
1494-5185,3200,,
1050-5350,3200,2.5,48.86
0306-3070,3200,1.6,12.18
2180-3625,3200,,
2377-2999,3200,4,0
2093-2685,3200,4.5,11.76
1062-7375,3200,3.4,95.73
1097-198X,3200,3.3,2.56
0891-1762,3200,,10.53
2049-8799,3200,2.3,13.16
2398-5364,3200,3.4,2.17
2041-2568,3200,3.7,2.15
2163-9159,3200,2.3,1.49
2470-4067,3200,1.8,11.51
1948-1837,3200,,
,3200,,
0167-6296,3200,4.1,38.06
0361-6878,3200,2.6,3.36
1355-8196,3200,2.6,55.79
1477-7266,3200,2.2,18.41
1837-9362,3200,,
1743-873X,3200,3.3,23.31
1360-080X,3200,3.1,36.36
1755-750X,3200,0.7,13.64
1096-3758,3200,2.3,9.78
2514-9792,3200,4.8,2.68
1447-6770,3200,8.6,0.84
1096-3480,3200,5.5,6.47
1757-9880,3200,6.9,2.27
0973-4538,3200,,
1936-8623,3200,12,9.63
,3200,,
1051-1377,3200,2.6,26.47
1052-7001,3200,,
1932-8575,3200,1.3,3.92
1945-2829,3200,2.6,40.54
1401-338X,3200,,
0022-166X,3200,5.8,26.24
1533-2845,3200,,
2042-6747,3200,3.1,75
0926-6437,3200,,
2154-7238,3200,,
1755-4195,3200,3.1,0
1547-5816,3200,1.3,85.63
2452-414X,3200,,
0022-1856,3200,3.3,37.61
1566-1679,3200,1.6,26.42
1526-4726,3200,,
0219-6492,3200,1,1.31
0252-2667,3200,0.7,0
1477-996X,3200,2.3,8.33
0888-7985,3200,2.6,0
1055-3096,3200,,
1551-0123,3200,,
0268-3962,3200,6.5,44.74
1522-8053,3200,,
1547-9714,3200,3,96.25
1552-6496,3200,,
2444-569X,3200,,
2032-5355,3200,,
,3200,,
0932-4569,3200,0.4,0
1744-1374,3200,2.4,50
1531-6076,3200,0.7,0
1469-1930,3200,8,10.57
1747-1532,3200,0.6,31.44
0925-9902,3200,3,25.91
0956-5515,3200,7.7,26.23
1547-2450,3200,3.7,6.71
,3200,,
1094-9968,3200,11.4,11.01
0260-1079,3200,0.9,8.57
1542-6297,3200,1.6,0
1061-9518,3200,4.3,35.09
1556-8520,3200,,
1742-6812,3200,,
1527-8603,3200,,
0047-2506,3200,13.1,37.21
1476-7546,3200,,
1901-8401,3200,,
0896-1530,3200,3.2,15.19
0954-1748,3200,1.9,39.71
1369-3034,3200,2.9,39.52
0911-1247,3200,,
0022-1996,3200,5.2,24.52
2046-469X,3200,2.6,3.9
1555-6336,3200,,
0954-1314,3200,6.7,16.42
1042-4431,3200,5.6,28.81
0897-4438,3200,,10.57
1075-4253,3200,5.9,43.52
1069-031X,3200,5.7,14.06
1324-5864,3200,,
1010-7347,3200,,
1488-3473,3200,2,46.24
0261-5606,3200,3.2,21.97
1408-6980,3200,2.2,0
1049-6378,3200,,
1543-5962,3200,,
,3200,,
1533-2861,3200,6.1,5.71
2694-3980,3200,0.7,0
1068-0896,3200,0.5,0
1528-5812,3200,,
1524-6035,3200,,
1545-9144,3200,0.6,0
1759-0817,3200,2.7,1.12
2070-4658,3200,,
1759-0833,3200,5.1,1.59
1367-3270,3200,9.3,10.76
,3200,,
1229-828X,3200,,
2471-4607,3200,1,17.54
0734-306X,3200,5,2.46
0195-3613,3200,1.3,21.05
0261-927X,3200,3,26.74
1446-6899,3200,,
0263-323X,3200,1.8,68.52
1553-4367,3200,,
8756-6222,3200,1.7,12.94
0729-1485,3200,,
1548-0518,3200,5.7,28.79
1072-0316,3200,,
1054-3023,3200,,
1078-3873,3200,,
1932-5584,3200,,
0022-2216,3200,2.9,11.38
0961-0006,3200,2.1,20
0164-0704,3200,1.8,18.75
0276-1467,3200,3.5,24.82
0126-6322,3200,,
0149-2063,3200,15.7,25.34
1833-3672,3200,3.8,23.63
1049-2127,3200,1.8,0
2327-0012,3200,5.8,2.94
1385-3457,3200,4,48.04
2191-4761,3200,4.4,72.34
0262-1711,3200,3.7,7.02
1052-5629,3200,2.7,24.14
1751-1348,3200,1.5,8.11
0742-597X,3200,7,2.03
0742-1222,3200,9.2,15.57
1056-4926,3200,3.5,37.68
1476-6086,3200,2.1,6.17
0022-2380,3200,10.9,74.14
1045-3695,3200,,
0268-3946,3200,4.7,5.81
0278-6125,3200,13.9,20.12
1741-038X,3200,8.6,11.76
0022-2410,3200,,
0022-2429,3200,17.9,21.8
,3200,,
2050-3318,3200,5,26.26
2326-568X,3200,,
1352-7266,3200,,11.9
0273-4753,3200,3.8,18.33
0884-1241,3200,3,16.13
0267-257X,3200,5.2,29.89
0022-2437,3200,8.1,16.23
1069-6679,3200,4.6,4.55
1098-1217,3200,,
0304-4068,3200,0.8,30.74
0899-7764,3200,1.3,17.39
1369-6998,3200,2.8,97.24
1745-7904,3200,,
1746-5664,3200,2.5,0.51
1538-9472,3200,,
0304-3932,3200,5.1,25.97
1368-5201,3200,,
0022-2879,3200,2.1,29.5
1450-288X,3200,,
1057-9214,3200,1.9,24.44
1042-444X,3200,4.9,12.33
0047-259X,3200,1.7,15.99
1446-8719,3200,,
1048-5252,3200,1.1,13.71
1049-5142,3200,1.9,18.46
0963-1798,3200,6,52.12
1076-8998,3200,6.8,11.59
1744-6740,3200,0.7,0
0272-6963,3200,11.4,41.91
0022-3239,3200,1.8,26
1546-2234,3200,3.1,98.77
0894-3796,3200,10.1,46.4
1649-7627,3200,,
0160-8061,3200,1.8,7.55
0953-4814,3200,3.4,10.41
1091-9392,3200,2.7,8
2051-6614,3200,3.8,8.75
0735-1968,3200,1.2,0
1474-7472,3200,1.3,47.22
1949-971X,3200,,
0887-3828,3200,2.5,1.25
0885-3134,3200,4.1,10.96
0022-3506,3200,4.5,54.79
0022-3514,3200,8,17.82
0022-3891,3200,3.2,22.28
1866-5888,3200,2,17.24
1538-5396,3200,,
1753-8335,3200,1.9,15.28
0276-8739,3200,,
0161-8938,3200,3.3,21.18
1940-7963,3200,2.4,15.57
0022-3808,3200,11,5.71
1537-7857,3200,2.2,12.5
2158-379X,3200,2.4,46.03
0933-1433,3200,4.3,47.95
1443-2447,3200,1.4,50
0160-3477,3200,1.1,13.64
1061-0421,3200,7.1,6.6
0737-6782,3200,12.3,66.14
0895-562X,3200,1.9,40.17
1052-3928,3200,,
2051-8803,3200,2.7,45.45
1049-6491,3200,,
1463-578X,3200,1.9,3
0022-3905,3200,,
0959-9916,3200,2.6,37.78
1053-1858,3200,6.9,30.77
1472-3891,3200,2.5,15.83
1096-3367,3200,,26.67
1097-3923,3200,0.9,30.6
0047-2727,3200,5.9,36.53
2515-6918,3200,,15
0143-814X,3200,2.6,70.8
0743-9156,3200,7.2,11.11
2573-1742,3200,,
1062-726X,3200,4.3,9.52
1077-291X,3200,4.3,99.05
1478-4092,3200,7.5,39.08
1528-008X,3200,2.9,3.54
1355-2511,3200,1.9,8.45
0022-4065,3200,3.4,12.16
0971-1554,3200,0.8,8.33
0895-5638,3200,1.9,28.93
0927-7544,3200,,
1083-5547,3200,,
1521-4842,3200,,
0896-5803,3200,1.2,17.39
0022-4146,3200,3.1,38.56
0922-680X,3200,1.4,27.91
1533-2667,3200,,
1443-458X,3200,,
1444-6359,3200,,
2040-7122,3200,12.1,3.27
1471-5201,3200,2.9,3.85
0092-6566,3200,3.5,32.35
1539-1523,3200,5.9,14.37
0022-4359,3200,10.3,34.75
0969-6989,3200,12.8,17.81
2326-6899,3200,,
1476-6930,3200,1.4,18.58
1465-1211,3200,0.5,0
1911-8066,3200,,
0022-4367,3200,2,38.04
0895-5646,3200,2.8,56.58
1752-8887,3200,,
1366-9877,3200,2.9,42.86
0022-4375,3200,4.7,25.19
1094-6136,3200,1.7,36.45
2053-4620‎,3200,,
2329-7751,3200,,
1757-5818,3200,10.1,24.19
1094-6705,3200,11.6,42.74
2055-6225,3200,4.5,14.41
0887-6045,3200,5.3,7.22
0972-4702,3200,,
1747-7778,3200,1.9,26.36
1462-6004,3200,4.1,15.56
0827-6331,3200,,
0047-2778,3200,6.9,25
1081-8510,3200,,
0972-5792,3200,1.3,16.75
1942-0676,3200,3.6,21.26
0022-4537,3200,5.9,39.73
2042-6763,3200,2.8,5
0047-2794,3200,2.8,67.53
0022-4545,3200,2.5,10.43
0278-839X,3200,,
1440-7833,3200,2.9,44.33
1532-060X,3200,,
0973-1741,3200,1.1,17.86
2339-5095,3200,1,0
0022-4634,3200,0.7,10.67
1754-1360,3200,,
0193-7235,3200,2.9,14.81
1477-5085,3200,,
0162-7341,3200,,
,3200,,
0094-1700,3200,,
0888-4773,3200,3.9,4.92
1527-0025,3200,1.9,14.16
0744-6713,3200,,
0094-9655,3200,1.3,6.81
0378-3758,3200,0.9,11.16
0256-422X,3200,,
1548-7660,3200,10.3,93.44
1538-7887,3200,,
0972-0510,3200,,
1069-1898,3200,,
0963-8687,3200,21.5,59.68
0965-254X,3200,4.2,21.21
1755-425X,3200,3.8,8.59
1523-2409,3200,11.7,71.43
0966-9582,3200,9.9,33.54
1328-7265,3200,,
0164-1212,3200,4.1,39.1
0967-3237,3200,,
2059-190X,3200,0.4,0
0022-4863,3200,,
0747-9115,3200,,
0897-5930,3200,1.4,8
1531-3220,3200,2.3,11.43
,3200,,
1746-8779,3200,,
0892-9912,3200,5.6,46.95
0092-0703,3200,15.8,42.99
0004-5411,3200,3.3,6.25
1067-5027,3200,5.9,35.5
0162-1459,3200,4.8,23.76
0198-9073,3200,2.1,0
1448-6679,3200,,
1354-7860,3200,1.9,5.43
2378-1815,3200,,0.82
1532-2882,3200,,
1536-9323,3200,7.5,0
2333-5955,3200,4.4,1.46
1836-5612,3200,,
1832-911X,3200,0.2,0
0022-4995,3200,0.6,19.44
2212-828X,3200,2.1,37.76
1542-4766,3200,4.6,28.64
1053-8372,3200,0.8,40
,3200,,
0389-5602,3200,,
0889-1583,3200,2.8,25.97
1868-7865,3200,,
2221-2264,3200,0.3,98.32
0160-5682,3200,3,12.17
0453-4514,3200,,
,3200,,
,3200,,
,3200,,
,3200,,
0081-4776,3200,0.4,0
1046-1469,3200,,
0956-3067,3200,,
0718-1876,3200,5.1,100
0894-9840,3200,0.8,25.45
0143-9782,3200,1.1,42.55
1941-1928,3200,,
1476-6825,3200,2.5,9.38
1844-9743,3200,,
2055-5911,3200,6.3,97.2
1755-182X,3200,0.9,18.6
1547-5778,3200,,
2214-1405,3200,4,39.25
1938-7849,3200,2.9,92.86
0966-6923,3200,7.1,33.28
0022-5266,3200,0.7,39.19
0022-5258,3200,0.8,0
1094-8848,3200,,
0733-947X,3200,,
1078-5906,3200,,
1938-7741,3200,1.6,25.53
1009-6744,3200,,
1054-8408,3200,9.2,6.92
1302-8545,3200,,
0047-2875,3200,9.8,20.62
2151-5581,3200,3.5,45.16
0735-2166,3200,2.6,23.34
0094-1190,3200,6.5,30.06
0733-9488,3200,2.2,3.32
1356-7667,3200,5.3,6.95
0001-8791,3200,10.7,29.29
1363-6820,3200,2.4,50.85
1931-4361,3200,1.6,80.7
1366-5626,3200,2.3,25.71
1090-9516,3200,9.2,38.78
1660-7112,3200,1.6,24
1011-6702,3200,1.1,0
1614-4007,3200,,
1930-2975,3200,2.3,66.13
0022-6785,3200,,
0022-9709,3200,,
0022-9725,3200,,
0453-7440,3200,,
0961-5768,3200,,
0219-1377,3200,2.8,15.86
1092-4604,3200,2.7,32.14
1477-8238,3200,3.7,13.46
0950-7051,3200,7.6,9.23
0075-6407,3200,,
0454-1111,3200,,
2234-2346,3200,,
1226-4741,3200,,
0023-5962,3200,1.8,48.87
1349-6786,3200,,
0023-656X,3200,0.7,22.35
0160-449X,3200,,
1547-6715,3200,0.4,0
0700-3862,3200,0.6,0
1030-1763,3200,1.7,34.29
0927-5371,3200,3.1,43.56
0961-5652,3200,0.2,0
0023-6942,3200,0.5,0
0023-6977,3200,,
1121-7081,3200,0.8,41.07
1811-5438,3200,,
0023-7639,3200,1.7,14.02
0264-8377,3200,6.9,30.56
0271-5309,3200,1.6,45.29
0716-0046,3200,,
1752-1440,3200,1,40.82
0265-8240,3200,1.6,51.56
0023-933X,3200,,
1742-7150,3200,2.7,40.51
0143-7739,3200,5.2,7.33
1751-1879,3200,2.1,18.42
1033-2839,3200,1.5,0
1442-911X,3200,,
1566-6573,3200,0.8,0
1492-7713,3200,,
0149-0400,3200,2.7,13.14
0261-4367,3200,2.8,26.45
1150-8809,3200,,
0143-5124,3200,1.4,8.85
1380-7870,3200,1.4,17.17
0306-2945,3200,,
1359-7701,3200,,
0269-0942,3200,1.8,48.54
0300-3930,3200,2.6,34.38
0705-3436,3200,0.7,9.35
0024-6301,3200,9.7,45.4
1449-0269,3200,,
1445-386X,3200,,
1365-1005,3200,0.9,32.35
1752-0843,3200,0.9,0.99
0025-1283,3200,,
1511-4554,3200,0.8,0
1286-4692,3200,1.6,94.44
1744-9359,3200,1.2,35.71
1443-9905,3200,,
1528-5359,3200,,
1044-5005,3200,4.9,37.78
1675-4077,3200,,
0258-042X,3200,,
1740-8776,3200,3.7,24.07
0893-3189,3200,2.8,15.15
2239-0391,3200,,
0025-1747,3200,5.9,9.31
0938-8249,3200,4.7,63.16
1350-5076,3200,4,47.01
1477-7835,3200,5,2.3
2040-8269,3200,3.9,7.26
1536-5433,3200,1.6,6.76
2198-1620,3200,,49.42
0025-1909,3200,6.6,0
2379-2981,3200,,
1331-0194,3200,0.9,96.77
0143-6570,3200,2.6,9.12
0268-6902,3200,3.5,2.44
0307-4358,3200,2.1,2.48
2375-0472,3200,2.5,36.92
1742-3945,3200,0.3,0
1463-6786,3200,1.1,38.78
1523-4614,3200,6.6,0
0973-8010,3200,1.3,9.38
0308-597X,3200,4,37.85
0738-1360,3200,2.1,0
2397-3757,3200,2.4,100
1479-2931,3200,4.9,17.89
0308-8839,3200,3.8,11.56
2382-6266,3200,,
1176-645X,3200,,
1052-8008,3200,,
1094-1304,3200,,
0263-4503,3200,5.4,1.35
0923-0645,3200,3.6,29.8
0732-2399,3200,6.6,0
1470-5931,3200,3.4,56.52
0960-1627,3200,2.4,44.33
1971-6419,3200,,
1066-5307,3200,0.5,0
0165-4896,3200,0.6,33.14
1862-9679,3200,1.1,40
0364-765X,3200,2,0
1368-3047,3200,3.4,12.79
1325-1570,3200,,
0163-4437,3200,4,35.28
0968-5332,3200,,
2049-372X,3200,4.9,14.8
1444-8602,3200,1.2,0
0025-8938,3200,0.9,0
0026-1335,3200,0.9,18.52
0026-1386,3200,1.2,20.59
0026-1424,3200,1,41.18
1035-3704,3200,,
1793-8120,3200,0.8,5
0305-8298,3200,2.4,43.16
0976-3996,3200,1.2,0.91
2191-2203,3200,3.5,42.04
1540-3270,3200,,
0276-7783,3200,11,6.86
1540-1960,3200,6.1,0
1532-9194,3200,4.3,0
1574-1699,3200,,
0311-3140,3200,,
0288-8432,3200,,
0187-7615,3200,,
,3200,,
0146-7239,3200,4.2,34.29
1525-383X,3200,3.3,8.11
1096-1879,3200,,
0027-3171,3200,4.7,37.04
1949-1794,3200,,
1387-6740,3200,0.9,13.04
0813-9474,3200,,
0027-9501,3200,1.1,34.48
0028-0283,3200,1.6,1.05
0894-069X,3200,2.5,19.88
0889-3365,3200,11,0
1750-4708,3200,1.2,0
0748-4526,3200,0.6,51.06
1385-9587,3200,,
1566-113X,3200,2.2,21.24
1097-6736,3200,,
1550-333X,3200,,
0306-6479,3200,,
1801-0938,3200,,
1356-3467,3200,5,67.53
0268-1072,3200,7.2,73.75
1090-5693,3200,,
1173-311X,3200,,
0077-9954,3200,,30.77
1359-9054,3200,,
1176-4716,3200,,
1175-5407,3200,,
1322-4417,3200,,
0028-8373,3200,,
1173-5864,3200,,
0111-199X,3200,,
0549-0618,3200,,
1176-6417,3200,,
0899-7640,3200,3.1,28.72
1048-6682,3200,2.6,27.12
1459-9686,3200,,
0345-8555,3200,,
1092-0277,3200,1.6,16.26
1096-7249,3200,,
0899-367X,3200,,
0262-0383,3200,,
0196-3228,3200,0.4,0
1059-048X,3200,,
0103-6351,3200,,
1558-5778,3200,,
1096-9195,3200,,
0305-0483,3200,7.1,21.03
1468-4527,3200,3.7,4.9
1753-0229,3200,2.1,7.14
0923-7992,3200,1.5,35.29
1109-2858,3200,2.6,24.1
1979-3561,3200,2.4,0.88
1936-9735,3200,6.1,21.15
0030-364X,3200,3.3,0.2
0167-6377,3200,1,19.21
0030-3887,3200,1.8,4.94
0143-2087,3200,1.8,7.01
0233-1934,3200,2,6.18
0171-6468,3200,2.8,55.91
0196-2043,3200,,
1086-0266,3200,7.5,46.55
0889-6402,3200,,
1541-6518,3200,,
1047-7039,3200,7.2,0.35
0170-8406,3200,7.1,36.81
1350-5084,3200,4.5,38.73
0749-5978,3200,6.1,22.61
0090-2616,3200,2.3,30.3
2041-3866,3200,8.1,26.23
1094-4281,3200,14.2,29.03
0030-6185,3200,0.5,13.33
0078-6918,3200,,
0305-9049,3200,2.3,48.37
1360-0818,3200,1.5,41.79
0030-7653,3200,1.3,27.95
0143-6503,3200,1.4,56.48
0266-903X,3200,3.9,35.9
1472-9342,3200,,
1752-5195,3200,,
0114-0582,3200,2.8,2.22
0030-851X,3200,1.2,0
,3200,,
0817-8038,3200,,
1361-374X,3200,1.2,15.52
1444-5921,3200,0.6,0
0927-538X,3200,5.1,8.43
0030-9729,3200,,
1011-002X,3200,,
0254-9204,3200,,
1012-9367,3200,,
1056-8190,3200,2.7,93.08
0031-2290,3200,1.7,53.64
1695-7121,3200,0.6,98.93
1554-8597,3200,,
1531-0949,3200,,
0092-430X,3200,,
1467-8047,3200,1.5,0
1617-4909,3200,,
0191-8869,3200,3.5,27.56
0146-1672,3200,4.5,29.47
1088-8683,3200,13.6,42
0031-5826,3200,7.6,38.89
0048-3486,3200,4.8,5.35
1804-0519,3200,,
1534-9276,3200,,
1554-2904,3200,,
1170-7690,3200,5.1,67.01
0115-6373,3200,,
1655-1516,3200,,
0048-3915,3200,3.1,63.64
1740-3812,3200,1.1,29.33
0048-3931,3200,0.7,25.33
1932-1821,3200,,
1751-8040,3200,2.4,29.46
0304-422X,3200,2.3,38.42
0305-5736,3200,4.6,23.28
1449-4035,3200,7.3,99.08
0032-2687,3200,4.4,56.6
0144-2872,3200,2.4,40.54
0190-292X,3200,5.6,42.73
1058-4609,3200,7.3,39.55
,3200,,
,3200,,
0032-3217,3200,3.9,50.92
0032-3233,3200,0.3,97.94
1743-923X,3200,3.8,53.13
0032-3292,3200,3.9,34.55
1470-594X,3200,1.5,44.29
1634-2941,3200,,
0098-7921,3200,8.8,56.1
0199-0039,3200,4.1,39.47
0032-468X,3200,,
0167-5923,3200,2.6,34.07
0032-4728,3200,2.9,57.78
1544-8444,3200,2.9,56.69
1617-982X,3200,1.7,22.64
1463-1377,3200,2,22
1060-586X,3200,2.8,37.5
1210-0455,3200,0.8,98.77
1448-4404,3200,,
0178-8051,3200,2.1,41.08
0301-7036,3200,,
1061-1991,3200,,
1059-1478,3200,6.4,20.15
0953-7287,3200,7.8,37.45
1464-9934,3200,1.5,40
8756-9728,3200,5.7,25.37
0810-9028,3200,,
0263-7472,3200,1.6,4.31
0033-2909,3200,28.5,28.13
0340-0727,3200,2.5,52.69
0033-295X,3200,7.2,35.71
0956-7976,3200,7,32.42
0742-6046,3200,8.9,43.57
0361-6843,3200,4.6,17.53
0271-2075,3200,2.5,35.29
0734-9149,3200,,
0033-3352,3200,7.3,46.69
0033-3298,3200,5.5,56.7
0275-1100,3200,1.3,39.29
0048-5829,3200,2,31.5
0015-2218,3200,0.4,2.5
1523-9721,3200,,
1091-1421,3200,0.9,6.9
0033-3565,3200,,
1471-9037,3200,6.2,40.64
0954-0962,3200,2.7,38.02
0033-362X,3200,4.3,23.61
1530-9576,3200,3.3,14.79
0091-0260,3200,3.1,21.62
0952-0767,3200,3.8,40.7
1744-5396,3200,,
2046-147X,3200,2.5,31.82
0363-8111,3200,4.5,13.91
1053-8801,3200,1.1,25.27
1352-2752,3200,2.5,7.08
1176-6093,3200,2.8,23.53
1755-4179,3200,2.9,4.7
1746-5648,3200,2.4,16.07
0033-5177,3200,,
1068-6967,3200,,10
0962-9343,3200,4.1,51.88
1759-7323,3200,2.6,100
1469-7688,3200,2.1,23.89
1570-7156,3200,1.5,41.86
1747-0218,3200,1.8,32.38
2010-1392,3200,0.7,0
0747-5535,3200,,
1554-0626,3200,2.3,0
1062-9769,3200,3.2,13.13
1321-8166,3200,,
0033-6297,3200,2.2,29.03
1445-6230,3200,,
0033-6807,3200,6.5,57.56
0741-6261,3200,3,51.28
1043-4631,3200,1.2,41.94
0305-814X,3200,,
1080-8620,3200,2.1,34.33
0048-6868,3200,,
1538-3792,3200,,
0034-0855,3200,,
0770-4518,3200,,
0956-5698,3200,1.3,10.87
0034-2971,3200,,
0166-0462,3200,3.7,22.44
0034-3404,3200,5.1,40.79
,3200,,
,3200,,
0034-379X,3200,0.6,0
0951-8320,3200,9.2,11.18
0958-2029,3200,3.3,49.3
1479-3563,3200,,
1052-0457,3200,,
0885-2111,3200,,
1090-9443,3200,1.1,20.87
0193-2306,3200,,
0196-3821,3200,,
1052-7788,3200,,
0884-0741,3200,,
0275-5319,3200,6.6,21.2
0191-3085,3200,4.9,32
0743-4154,3200,,
0733-558X,3200,,
2210-5395,3200,4.6,24.49
0739-8859,3200,3.6,31.92
1574-0765,3200,,
0048-7333,3200,10.5,51.99
0895-6308,3200,3.4,28.28
0928-7655,3200,3.5,41.41
0301-4207,3200,,
1351-170X,3200,,
0893-5696,3200,0.7,14.89
1034-7747,3200,,
1475-7702,3200,2.2,2.2
1380-6653,3200,7,40.48
0305-6244,3200,1.8,1.64
2045-9920,3200,5.2,26.42
2326-6198,3200,0.5,0
1940-5979,3200,2.2,5.61
,3200,,
2046-9128,3200,6.2,21.98
1380-6645,3200,0.8,57.14
1363-6669,3200,2.2,26.18
1973-3909,3200,0.6,1.61
1843-763X,3200,,
1434-4742,3200,0.5,27.66
1094-2025,3200,2.2,12.57
,3200,,
1569-5239,3200,3.3,39.22
1750-6816,3200,9.5,5.26
1572-3097,3200,7.8,31.01
1058-3300,3200,1.5,31.03
1933-7116,3200,,
,3200,,
0889-938X,3200,1.2,36.3
2059-6014,3200,3.3,4.65
0965-7576,3200,1.5,30.11
1559-7431,3200,7.4,67.68
0969-2290,3200,5.3,57.46
0260-2105,3200,4.3,74.13
0962-2055,3200,,
2049-5323,3200,1.9,0
2194-6000,3200,0.3,9.8
0034-6616,3200,,
2194-5985,3200,,
1475-3685,3200,,
0219-0915,3200,0.4,0
0953-8259,3200,1.5,21.12
0734-371X,3200,4.8,25.49
0924-865X,3200,2.2,29.82
0486-6134,3200,1.4,10.48
1553-0892,3200,,
0034-6764,3200,1.1,27.27
1698-1359,3200,,
0917-0553,3200,,
1610-2878,3200,1.8,36.29
1578-8091,3200,,
0556-5782,3200,,
0873-2949,3200,,
0338-0599,3200,0.2,0
1265-9576,3200,,
1933-7000,3200,,
0035-5356,3200,,
1460-3799,3200,2.2,25.86
1098-1616,3200,1.5,42.62
1357-5309,3200,,
2227-9091,3200,,
1842-2497,3200,,
1582-6163,3200,0.8,0
1937-0563,3200,,
2474-2376,3200,,
0735-8938,3200,,
0925-7535,3200,5.8,37.31
0346-1238,3200,1.9,25.86
0358-5522,3200,1,76.67
0347-0520,3200,1.4,68.52
1502-2250,3200,4.1,69.7
0905-0167,3200,,
0956-5221,3200,3,45.98
,3200,,
0036-8237,3200,1.1,0
0302-3427,3200,2.9,40.5
1075-5470,3200,6.7,22.34
0971-7218,3200,2.2,6.52
0162-2439,3200,4.1,47.14
0138-9130,3200,4.1,34.18
0036-9292,3200,1.1,44.16
0967-0106,3200,4,52.13
0963-6412,3200,3.2,32
0963-2638,3200,,
1226-9816,3200,,
1869-4187,3200,1.2,100
1862-8516,3200,4.4,26.88
0264-2069,3200,7.4,6.25
2164-3970,3200,,
1533-2969,3200,,7.58
0360-0025,3200,4.6,33.95
0036-1399,3200,2.1,0.3
0097-5397,3200,2.1,0
,3200,,
0218-2009,3200,,
0217-5908,3200,1.3,1
0218-2173,3200,,
0921-898X,3200,7.9,58.42
1321-5906,3200,2.1,20
1046-4964,3200,3.4,25.56
2046-6099,3200,4.8,7.28
1466-0970,3200,1.4,34.56
0037-7651,3200,,
0969-160X,3200,,
2044-4087,3200,,
0176-1714,3200,0.8,43.48
1750-8614,3200,3.3,11.61
0037-7732,3200,4.5,23.53
0303-8300,3200,3.6,45.1
0885-7466,3200,2.2,48.28
1524-5004,3200,2.2,23.08
0144-5596,3200,2.9,66.94
0037-7791,3200,4.1,10.73
1948-5506,3200,4.8,34.69
1747-1117,3200,4.6,6.53
0539-0184,3200,1.5,35.82
1369-1465,3200,1,29.27
0038-4941,3200,2.2,32.58
0037-7961,3200,2.4,3.23
1746-5680,3200,3.4,2.35
1588-9726,3200,,
2520-6621,3200,,
0038-0121,3200,5.3,25.65
1475-1461,3200,3.7,45.02
,3200,,
0081-1750,3200,4.5,40.54
0049-1241,3200,7.1,31.45
0735-2751,3200,5.6,18
0038-0296,3200,0.4,57.63
0038-0385,3200,3.8,62.56
0741-1235,3200,2.1,4.64
1029-1954,3200,1.7,29.73
2078-5585,3200,1.5,100
1015-8812,3200,1.5,99.02
0038-2280,3200,1.3,49.25
0038-271X,3200,0.2,55.56
1391-5614,3200,,
2398-628X,3200,2.9,0
2322-0937,3200,1.8,7.46
2277-9787,3200,0.8,9.09
0971-5428,3200,,
1936-4334,3200,,
0735-2476,3200,,
0038-4038,3200,1.4,28.57
1138-4891,3200,1.8,94.81
1435-5469,3200,,
0210-2412,3200,1.2,2.04
2444-9709,3200,,
2173-1268,3200,,
1742-1772,3200,2.4,20.22
1743-0437,3200,1.9,42.02
1938-6974,3200,1.6,0
1441-3523,3200,5,30.61
1061-6934,3200,1.9,0
0888-4781,3200,2.1,2.44
2042-678X,3200,2.1,4.49
1357-3322,3200,3.6,51.61
0813-2577,3200,,
1391-5894,3200,,
1391-7358,3200,,
0731-5082,3200,,
1078-8794,3200,,
1542-7009,3200,,
0039-0402,3200,1.1,36.26
1017-0405,3200,1.5,0
1387-0874,3200,0.9,21.05
1874-7655,3200,,
1572-3127,3200,,
1618-2510,3200,1.1,48.65
0962-2802,3200,2.5,26.58
1471-082X,3200,1.1,28.81
0932-5026,3200,1.4,30.03
0883-4237,3200,5.2,10.11
2196-7040,3200,,
0960-3174,3200,2.2,42.86
0167-7152,3200,0.8,15.28
1570-1824,3200,,
0277-6715,3200,2.6,35.83
0233-1888,3200,0.9,3.67
0144-3593,3200,0.2,24.73
0736-2994,3200,1.1,12.22
1436-3240,3200,3.6,16.69
1532-6349,3200,0.7,11
0304-4149,3200,1.4,25.31
1744-2508,3200,1,12.68
1099-1697,3200,,
1932-4391,3200,8,44.44
0143-2095,3200,11.5,55.07
1476-1270,3200,6.6,28.83
1087-8572,3200,,
2333-2050,3200,4.6,3.8
1532-3005,3200,3.7,43.65
0954-349X,3200,5.4,23
1070-5511,3200,5.3,26.13
0391-8750,3200,,
1418-2106,3200,1.2,98
1842-4120,3200,0.8,89.01
0039-3606,3200,2.5,46.74
1086-7376,3200,2.1,5.41
0307-5079,3200,4.7,45.91
2321-0222,3200,,
1081-1826,3200,0.8,16.67
0707-8552,3200,,
0039-4696,3200,,
1521-9747,3200,,
1359-8546,3200,10.8,13.74
0039-6338,3200,1.6,2.44
2040-8021,3200,7.4,14.59
,3200,,
1400-1829,3200,,
0093-0709,3200,,
,3200,,
1094-429X,3200,1.6,52.29
1092-7026,3200,2.2,34.7
1588-9734,3200,,
0040-0041,3200,,
2688-6642,3200,,
1833-1726,3200,,
1329-1203,3200,,
0494-8343,3200,,
1367-3289,3200,,
1352-7592,3200,2.3,7.27
0040-1625,3200,13.9,28.93
0953-7325,3200,3.4,6.1
0160-791X,3200,11.5,26.99
,3200,,
0040-1706,3200,3.2,17.42
0166-4972,3200,12.4,40
0736-5853,3200,9.6,22.22
0712-8657,3200,,
0163-7479,3200,,
0001-4826,3200,6.2,0
1743-5285,3200,,
0002-8282,3200,16.6,0
0003-1232,3200,0.9,36.19
0003-1305,3200,4.3,30
0570-1864,3200,2.2,40.45
0004-9018,3200,1,65.09
1364-985X,3200,,
1822-427X,3200,1.1,98.06
1935-1682,3200,,
1935-1690,3200,,
1935-1704,3200,,
1934-2497,3200,,
0007-6899,3200,,
1680-2012,3200,1.9,0
1097-1475,3200,1.8,12.05
0010-4620,3200,1.5,4.03
1535-0568,3200,,
1449-9029,3200,,
1035-3046,3200,1.9,44
0013-0117,3200,2.3,58.43
0013-0133,3200,4.5,31.45
0013-0249,3200,1.2,59.21
0967-0750,3200,,
1935-7524,3200,1.5,99.48
0264-0473,3200,1.7,0.78
0963-8180,3200,4.3,31.76
1351-847X,3200,3,35.05
1066-3487,3200,,
1018-5895,3200,2.2,37.84
1554-964X,3200,1.3,33.33
1086-1653,3200,0.2,0
2086-6887,3200,,
1535-2897,3200,,
0197-2243,3200,3.5,36.76
1094-4060,3200,2.4,3.57
0952-617X,3200,0.8,0
1577-8517,3200,,
1832-2077,3200,,
0957-4093,3200,7.3,14.22
1472-8117,3200,7.2,29.05
0973-2276,3200,,
0972-6861,3200,,
0972-9305,3200,,
0972-9291,3200,,
0972-9356,3200,,
2329-194X,3200,,28.89
1520-3255,3200,0.7,0
0021-8863,3200,3.9,32.97
1470-8272,3200,1.8,30.23
1074-1240,3200,0.6,0
1943-9342,3200,0.9,40.26
1880-6988,3200,,
1703-4949,3200,,
0022-0485,3200,1.4,15.09
0022-0507,3200,3.1,51.04
1569-1721,3200,2.7,51.08
0022-1082,3200,10.3,30.25
1059-8596,3200,,
0270-7314,3200,2.1,20.75
1751-7990,3200,,
1047-8310,3200,,
1091-3211,3200,,
0022-1821,3200,,45.69
1478-8586,3200,,
0963-8199,3200,2.5,3.81
0022-2186,3200,2.5,0
1011-3029,3200,,
0095-4918,3200,1.4,0
1750-676X,3200,,
1096-5572,3200,,
1526-5943,3200,3.1,0.85
1753-9579,3200,0.4,0
1551-9783,3200,0.1,0
1556-5106,3200,,
1559-3967,3200,,
1534-7524,3200,,
1422-2213,3200,0.9,30.51
1048-9843,3200,11.8,18.11
0969-6474,3200,2.6,20.25
1469-347X,3200,,
0887-378X,3200,5.6,40
0026-7961,3200,1.5,75.63
1062-9408,3200,3.7,10.62
0951-2748,3200,2.2,26.27
1098-3708,3200,,
0033-5533,3200,20.9,25.53
0889-3047,3200,0.6,23.29
0034-6446,3200,,
0034-6527,3200,8.2,22.47
0034-6535,3200,7.8,7.1
0893-9454,3200,10.8,21
1446-9022,3200,,
0362-3319,3200,2.2,10.49
0038-0261,3200,3.2,58.92
0082-0512,3200,1,0
0040-005X,3200,,
1754-2731,3200,,12.64
1449-2199,3200,,
0258-6770,3200,3.2,27.07
0378-5920,3200,2.6,32.2
0044-0094,3200,5.7,0
1841-8678,3200,,
1933-6837,3200,1.4,100
0040-5833,3200,1,41.56
0040-585X,3200,0.5,0
0263-2764,3200,3,30.46
1323-9163,3200,,
0413-6597,3200,,
1096-4762,3200,2.6,32.54
,3200,,
0961-463X,3200,2.2,39.74
0964-4563,3200,4.4,38.09
1039-3285,3200,0.2,0
1038-5967,3200,,
1478-3363,3200,4.2,12.83
1083-5423,3200,1.6,8.87
1467-3584,3200,3.2,14.07
1354-8166,3200,4.6,11.86
1461-6688,3200,6.5,44.97
1544-273X,3200,,
0261-5177,3200,13.6,21.23
2211-9736,3200,8.3,23.95
2156-8316,3200,3.4,16.51
0250-8281,3200,4.1,25.2
0972-7191,3200,,
1660-5373,3200,7.6,3.19
1544-2721,3200,1.4,4.84
1098-304X,3200,0.7,26.03
1332-7461,3200,1.5,99.33
1433-5948,3200,,
1468-7976,3200,3.5,24.49
1024-2589,3200,3.1,37.84
1648-4460,3200,1.1,0
1750-6166,3200,2.6,14.79
1918-6444,3200,2.1,63.22
0967-070X,3200,6.2,28.59
0144-1647,3200,12.7,52.63
0049-4488,3200,4.7,42.72
0041-1612,3200,1.4,7.02
0049-450X,3200,,
1942-7867,3200,3.3,7.24
0308-1060,3200,2.1,17.06
0965-8564,3200,7.8,37.21
0191-2615,3200,8.1,22.41
0968-090X,3200,10,24.11
1361-9209,3200,9.1,30.51
1366-5545,3200,9.8,13.49
1369-8478,3200,5.2,36.53
0361-1981,3200,2.1,11.12
0041-1655,3200,6.2,0
2324-9935,3200,3.7,12.9
2168-0566,3200,3.3,11.04
0269-3755,3200,,
2214-367X,3200,6.3,28.33
1048-3748,3200,,
0068-1849,3200,,
0884-0768,3200,,
1615-5289,3200,3.3,35.76
0041-9494,3200,2.3,0
1047-2819,3200,,
0313-0096,3200,1,0
1940-8064,3200,,
0083-4041,3200,,
1061-3331,3200,,
0082-2108,3200,,
0042-0220,3200,1,0
0042-0328,3200,0.3,0
1446-9294,3200,,
1535-7589,3200,,
1078-0874,3200,2.9,22.37
0042-0980,3200,5.2,41.24
0098-1818,3200,1.7,50.75
0090-2594,3200,,
1940-6444,3200,,
1369-1066,3200,3.2,23.38
1171-042X,3200,,
0868-359X,3200,,
1523-5513,3200,,
1439-9741,3200,,
2059-5891,3200,3.3,4
0735-9004,3200,,
0972-2629,3200,3,4.05
1064-5578,3200,2.2,32.14
0957-8765,3200,2.7,42.72
1172-9597,3200,,
1066-8632,3200,,
1547-0695,3200,,
0043-1397,3200,6,61.92
0140-2382,3200,4.6,61.46
1550-4980,3200,,
1057-0314,3200,0.9,2.03
0267-8373,3200,8.3,61.02
0730-8884,3200,4.3,29.41
0950-0170,3200,5.1,53.67
0257-3032,3200,7.3,32.35
1011-4548,3200,0.6,0
0305-750X,3200,6.7,44.6
1468-1838,3200,,
1819-8643,3200,,
2048-8432,3200,,
1607-8055,3200,2.1,17.65
0740-2775,3200,,
0043-8871,3200,4.3,0
1741-2242,3200,,
1878-4917,3200,,
1474-7456,3200,2.1,43.24
,3200,,
1386-145X,3200,2.9,19.14
1755-4217,3200,2,1.06
0741-0883,3200,2.6,31.71
0741-9457,3200,2.2,0
1747-3616,3200,,
1331-5609,3200,0.5,77.92
